State/UT,Year,Total Cognizable IPC Crimes,Crime Rate (IPC),Murder (Section 302 IPC),Culpable Homicide not amounting to Murder (Section 299/304 IPC),Rape (Section 375/376 IPC),Literacy Rate (%),Poverty Rate (%),Police Strength: police personnel per 100000 population,Unemployment Rate (%)
Andhra Pradesh,2016,129389,250.1,1123,83,994,67.4,11.77,113.68,3.1
Andhra Pradesh,2017,148002,283.9,1054,202,988,68.1,11.77,141.06,4.5
Andhra Pradesh,2018,144703,278.1,935,266,971,69,6.06,152.8,5.3
Andhra Pradesh,2019,145751,278.6,870,183,1086,69.8,6.06,141.06,4.7
Andhra Pradesh,2020,238105,452.7,853,137,1095,70.5,6.06,141.06,4.1
Arunachal Pradesh,2016,2700,204.9,46,6,92,65.4,24.23,785.71,4.2
Arunachal Pradesh,2017,2746,206.3,79,7,59,66.2,24.23,992.66,5.8
Arunachal Pradesh,2018,2817,188.7,62,8,67,67,13.76,995.5,7.7
Arunachal Pradesh,2019,2877,190.9,60,8,63,67.8,13.76,992.66,6.7
Arunachal Pradesh,2020,2503,164.5,45,4,60,68.5,13.76,1011.45,5.7
Assam,2016,107014,328.5,1149,34,1779,72.2,32.65,236,4.4
Assam,2017,109952,333.9,1144,32,1772,73,32.65,207.49,7.9
Assam,2018,120573,354.2,1241,34,1648,73.8,19.35,252,6.7
Assam,2019,132783,385.8,1235,54,1773,74.5,19.35,236,7.9
Assam,2020,121609,349.5,1131,45,1657,75.2,19.35,251.97,4.1
Bihar,2016,189696,181.9,2581,150,1008,61.8,51.89,81,5.4
Bihar,2017,236055,223.9,2803,111,605,62.5,51.89,107.7,7
Bihar,2018,262815,222.1,2934,110,651,63.2,33.76,81,9.8
Bihar,2019,269109,224,3138,56,730,64,33.76,75.16,5.1
Bihar,2020,257512,211.3,3150,94,806,64.8,33.76,115.26,4.7
Chhattisgarh,2016,84192,324,957,37,1626,70.3,29.9,115.26,2.9
Chhattisgarh,2017,90516,344.3,919,32,1908,71,29.9,269.7,3.3
Chhattisgarh,2018,98233,345.1,917,36,2091,71.7,16.37,261.38,2.4
Chhattisgarh,2019,96561,334.7,913,32,1036,72.4,16.37,269.7,3.3
Chhattisgarh,2020,103173,352.9,972,41,1210,73.1,16.37,261.38,2.5
Goa,2016,3706,186.7,30,12,61,87.4,3.76,417.5,10.1
Goa,2017,3943,193.5,31,9,76,87.8,3.76,417.5,13.9
Goa,2018,3884,253.2,29,4,61,88.2,2.1,659.16,8.7
Goa,2019,3727,241.5,33,2,72,88.6,2.1,659.16,8.1
Goa,2020,4366,281.1,34,3,60,89,2.1,659.16,10.5
Gujarat,2016,435422,690.3,1120,73,982,79.3,18.64,181,0.8
Gujarat,2017,334799,525,970,71,477,80,18.64,174.39,4.8
Gujarat,2018,393194,584.1,1072,78,553,80.7,11.16,168.9,3.2
Gujarat,2019,431066,631.6,993,87,528,81.4,11.16,127.82,2
Gujarat,2020,699619,1011.4,982,115,486,82.1,11.16,162.72,2.2
Haryana,2016,143111,518.3,1057,42,1187,76.6,11.98,181,5.2
Haryana,2017,224816,802.9,1046,54,1099,77.3,11.98,230,8.4
Haryana,2018,191229,673.3,1104,46,1296,78,7.28,137,9.3
Haryana,2019,166336,577.4,1137,50,1480,78.7,7.28,238,6.4
Haryana,2020,192395,658.6,1143,52,1373,79.4,7.28,241.63,6.3
Himachal Pradesh,2016,17249,242.4,101,3,252,82.8,7.62,237.5,2.6
Himachal Pradesh,2017,17796,248.2,99,8,249,83.4,7.62,237.5,5.5
Himachal Pradesh,2018,19594,269.6,99,7,344,84,3.98,237.5,5.1
Himachal Pradesh,2019,19924,272.4,70,19,359,84.6,3.98,237.5,3.7
Himachal Pradesh,2020,20630,280.2,91,10,331,85.2,3.98,257.25,3.3
Jharkhand,2016,47817,141.5,1514,31,1109,66.4,42.16,229.19,5.8
Jharkhand,2017,52664,153.9,1487,40,914,67.1,42.16,251.4,7.5
Jharkhand,2018,55664,150.3,1712,63,1090,67.8,28.82,251.4,5.2
Jharkhand,2019,62206,165.5,1626,66,1416,68.5,28.82,218.15,4.2
Jharkhand,2020,63570,166.8,1592,37,1321,69.2,28.82,218.15,3.1
Karnataka,2016,179479,286.9,1573,77,1655,75.6,12.74,145.1,1.8
Karnataka,2017,184063,291.7,1384,80,546,76.3,12.74,183.2,4.8
Karnataka,2018,163416,249.7,1334,86,492,77,7.84,192.95,3.6
Karnataka,2019,163691,248.1,1314,75,505,77.7,7.84,196.88,4.2
Karnataka,2020,150080,225.7,1331,72,504,78.4,7.84,158.23,2.7
Kerala,2016,707870,1980.3,305,132,1656,96.2,0.71,178.2,11.1
Kerala,2017,653500,1818.4,305,112,2003,96.5,0.71,178.2,11.4
Kerala,2018,512167,1463.2,292,90,1945,96.8,0.52,178.2,9
Kerala,2019,453083,1287.7,323,93,2023,97.1,0.52,178.2,10
Kerala,2020,554724,1568.4,306,84,637,97.4,0.52,177.6,10.1
Madhya Pradesh,2016,365154,466.6,2004,136,4882,70.6,36.65,137,4
Madhya Pradesh,2017,379682,478.6,1908,152,5562,71.3,36.65,147.3,4.3
Madhya Pradesh,2018,405129,497.3,1879,131,5433,72,20.63,147.3,3.5
Madhya Pradesh,2019,395619,478.9,1795,155,2485,72.7,20.63,147.3,3
Madhya Pradesh,2020,428046,511.1,2101,164,2339,73.4,20.63,158.01,1.9
Maharashtra,2016,430866,357.4,2299,184,4189,82.3,14.85,186.5,1.6
Maharashtra,2017,467753,383.4,2103,279,1933,82.9,14.85,198.7,4.8
Maharashtra,2018,515674,424.8,2199,324,2142,83.5,7.81,186.36,5
Maharashtra,2019,509433,415.8,2142,250,2299,84.1,7.81,136.45,3.2
Maharashtra,2020,539003,435.8,2163,231,2061,84.7,7.81,198.12,3.7
Manipur,2016,4098,157.6,78,4,55,76.9,16.8,1252.5,3.9
Manipur,2017,4250,161.7,63,9,40,77.5,16.8,1252.5,11.5
Manipur,2018,3781,122.8,52,5,52,78.1,8.1,1252.5,9.4
Manipur,2019,3661,117.7,56,10,36,78.7,8.1,1123.57,9.5
Manipur,2020,2986,95,46,1,32,79.3,8.1,1123.57,5.6
Meghalaya,2016,3582,128.7,108,5,190,74.4,32.67,549.2,3.3
Meghalaya,2017,3952,140.5,87,7,119,75.1,32.67,549.2,1.6
Meghalaya,2018,3482,108.8,95,9,87,75.8,32.33,580,2.7
Meghalaya,2019,3897,120.6,68,4,102,76.5,32.33,580,2.7
Meghalaya,2020,3744,114.7,79,6,67,77.2,32.33,509.23,1.7
Mizoram,2016,2800,262.4,29,8,23,91.3,9.8,942.07,2.9
Mizoram,2017,2738,254,21,5,25,91.7,9.8,916.5,10.1
Mizoram,2018,2351,198.6,27,3,50,92.1,10.77,916.5,7
Mizoram,2019,2880,241,22,6,42,92.5,10.77,916.5,5.7
Mizoram,2020,2289,189.6,28,6,33,92.9,10.77,942.07,3.5
Nagaland,2016,1908,79.9,36,14,26,79.6,25.23,1136,5.2
Nagaland,2017,1553,64.4,36,2,10,80.2,25.23,900.8,21.4
Nagaland,2018,1775,83.2,31,2,10,80.8,19.88,1136,17.4
Nagaland,2019,1661,77.1,25,2,8,81.4,19.88,1201,25.7
Nagaland,2020,1511,69.4,25,4,4,82,19.88,1237.3,19.3
Odisha,2016,103565,243.2,1328,16,1983,72.9,29.35,130.95,4.7
Odisha,2017,103866,242,1267,22,2070,73.6,29.35,155.7,7.1
Odisha,2018,107408,246.6,1378,7,918,74.3,17.72,147.76,7
Odisha,2019,121525,277.9,1356,5,1382,75,17.72,175,6.2
Odisha,2020,134230,295.2,1470,4,1211,75.7,17.72,146.36,5.4
Punjab,2016,57739,197.7,771,120,838,75.8,5.59,144,6.5
Punjab,2017,70673,239.9,659,122,530,76.5,5.59,299.6,7.7
Punjab,2018,70318,236.8,684,164,831,77.2,4.74,152.8,7.4
Punjab,2019,72855,243.3,679,166,1002,77.9,4.74,198.4,7.3
Punjab,2020,82875,274.6,757,135,502,78.6,4.74,321,6.2
Rajasthan,2016,251147,342.7,1551,81,3656,66.1,29.46,137,2.7
Rajasthan,2017,245553,330.7,1473,103,3305,66.8,29.46,142.1,5
Rajasthan,2018,250546,327.1,1508,77,4335,67.5,23.62,120.39,5.7
Rajasthan,2019,304394,392.3,1659,114,5997,68.2,23.62,120.39,4.5
Rajasthan,2020,260378,331.2,1719,96,5310,68.9,23.62,142.14,4.8
Sikkim,2016,1020,157.2,17,1,92,82.2,3.82,934.1,5.9
Sikkim,2017,979,149.2,13,1,17,82.8,3.82,934.1,3.5
Sikkim,2018,869,131.9,12,3,16,83.4,3.75,934.1,3.1
Sikkim,2019,821,123.5,17,2,11,84,3.75,195.4,2.2
Sikkim,2020,675,100.4,11,2,12,84.6,3.75,972.71,1.1
Tamil Nadu,2016,467369,672.3,1603,36,319,80.1,4.89,181,3.7
Tamil Nadu,2017,420876,602.6,1560,51,283,80.8,4.89,195.4,7.5
Tamil Nadu,2018,499188,661.5,1569,55,331,81.5,2.9,154.25,6.6
Tamil Nadu,2019,455094,600.3,1745,68,362,82.2,2.9,154.25,5.3
Tamil Nadu,2020,1377681,1808.8,1661,72,389,82.9,2.9,164.62,5.2
Telangana,2016,120273,326.4,1046,137,1278,66.5,13.74,218,2.7
Telangana,2017,133197,358.7,805,149,552,67.2,13.74,193,7.6
Telangana,2018,126858,342.6,786,153,606,67.9,5.88,150.75,8.3
Telangana,2019,131254,352,839,171,873,68.6,5.88,233.3,7
Telangana,2020,147504,393,802,244,764,69.3,5.88,209.85,4.9
Tripura,2016,4081,106.3,145,2,207,87.8,16.65,137,15
Tripura,2017,4238,109.2,124,3,95,88.2,16.65,712,6.8
Tripura,2018,6078,153.4,137,2,97,88.6,16.47,619.7,10
Tripura,2019,5988,149.6,144,7,88,89,16.47,740.68,3.2
Tripura,2020,4653,115.1,114,1,79,89.4,16.47,740.68,3.2
Uttar Pradesh,2016,494025,225.3,4889,1272,4816,67.7,37.79,181.75,5.2
Uttar Pradesh,2017,600082,269.6,4324,1267,4246,68.4,37.79,187.8,6.2
Uttar Pradesh,2018,585157,262.4,4018,1351,3946,69.1,22.93,181.75,5.7
Uttar Pradesh,2019,628578,278.2,3806,1271,3065,69.8,22.93,181.75,4.4
Uttar Pradesh,2020,657925,287.4,3779,1439,2769,70.5,22.93,183.19,4.2
Uttarakhand,2016,16074,150.5,194,29,336,78.8,17.67,197,3.3
Uttarakhand,2017,28861,267.1,181,48,374,79.5,17.67,197,7.6
Uttarakhand,2018,34715,314,211,42,561,80.2,9.67,186.3,8.9
Uttarakhand,2019,28268,252.8,199,49,526,80.9,9.67,145,7.1
Uttarakhand,2020,57332,506.8,160,29,487,81.6,9.67,196.87,6.9
West Bengal,2016,204400,217.8,2044,392,1110,76.3,21.29,160.76,3.7
West Bengal,2017,195537,206.7,2001,343,1084,77,21.29,143.4,4.6
West Bengal,2018,188063,194.9,1933,367,1069,77.7,11.89,97.66,3.8
West Bengal,2019,188049,193.6,1930,317,1068,78.4,11.89,160.76,4.6
West Bengal,2020,182367,186.6,1948,284,1128,79.1,11.89,157.38,3.5
A&N Islands,2016,2491,449.6,14,1,30,86.6,4.3,803.6,8.3
A&N Islands,2017,3014,531.6,9,0,13,87,4.3,803.6,15.8
A&N Islands,2018,3699,934.1,11,3,30,87.4,2.3,803.6,13.5
A&N Islands,2019,4034,1013.6,13,0,13,87.8,2.3,803.6,12.6
A&N Islands,2020,2542,637.1,5,1,2,88.2,2.3,1253.27,9.1
Chandigarh,2016,4256,236.3,26,6,68,86.4,3.81,369.9,1.3
Chandigarh,2017,5462,289.5,25,4,65,86.8,3.81,369.9,9
Chandigarh,2018,5967,510,20,3,86,87.2,3.35,369.9,7.3
Chandigarh,2019,4518,381.6,26,1,112,87.6,3.35,369.9,6.3
Chandigarh,2020,3254,271.6,22,5,60,88,3.35,749.96,7.5
D&N Haveli and Daman & Diu+,2016,543,71.5,9,1,26,77.6,12.27,82.9,1.8
D&N Haveli and Daman & Diu+,2017,691,87.4,9,1,8,78.2,12.27,82.9,0.4
D&N Haveli and Daman & Diu+,2018,649,70.5,12,4,10,78.8,5.67,82.9,1.5
D&N Haveli and Daman & Diu+,2019,660,67.4,13,0,4,79.4,5.67,82.9,3
D&N Haveli and Daman & Diu+,2020,533,51.3,13,2,4,80,5.67,164.54,4.2
Delhi,2016,216920,1009.3,528,54,2155,88.7,2.66,267,4.6
Delhi,2017,244714,1107.1,487,45,1229,89.1,2.66,390,9.4
Delhi,2018,262612,1342.5,513,77,1215,89.5,3.35,152.8,10.4
Delhi,2019,316261,1586.1,521,79,1253,89.9,3.35,152.8,8.6
Delhi,2020,266070,1309.5,472,58,997,90.3,3.35,459.01,6.3
Jammu & Kashmir*,2016,26624,213.6,142,22,256,67.2,6.1,679.8,8.1
Jammu & Kashmir*,2017,25608,203.4,152,27,296,67.9,6.1,679.8,5.4
Jammu & Kashmir*,2018,27276,203.1,181,24,320,68.6,1.09,192.95,5.1
Jammu & Kashmir*,2019,25408,187.8,119,17,223,69.3,1.09,679.8,6.7
Jammu & Kashmir*,2020,28911,216.7,149,32,243,70,1.09,687.73,5.9
Ladakh,2020,403,136.1,0,0,2,77.3,1.82,813.95,3.3
Lakshadweep,2016,50,61,0,0,5,92.3,0.36,685.4,5.2
Lakshadweep,2017,114,139,0,0,0,92.6,0.36,685.4,21.3
Lakshadweep,2018,77,114.9,1,0,2,92.9,1.32,685.4,31.6
Lakshadweep,2019,182,267.6,0,0,0,93.2,1.32,685.4,13.7
Lakshadweep,2020,147,216.2,0,0,3,93.5,1.32,472.06,13.4
Puducherry,2016,4885,290.3,33,2,6,85.4,0.71,249.5,5.7
Puducherry,2017,4799,273.4,25,3,7,85.8,0.71,249.5,10.3
Puducherry,2018,4674,315.6,29,1,0,86.2,0.91,249.5,8.3
Puducherry,2019,4004,264.3,29,1,10,86.6,0.91,249.5,7.6
Puducherry,2020,7940,512.6,39,2,8,87,0.91,292.97,6.7
